text,label
Financial reports show significant growth.,Non-Sensitive
"In the realm of classical literature, themes of human resilience dominate.",Non-Sensitive
System integration requires careful planning.,Non-Sensitive
Cloud computing and big data analytics drive business decisions. SSN: 444-72-5809,Sensitive
Financial reports show significant growth. Phone: +91-7427966435,Sensitive
Cloud computing and big data analytics drive business decisions. Credit Card: 9951-4426-4562-6185,Sensitive
Financial reports show significant growth.,Non-Sensitive
"In the realm of classical literature, themes of human resilience dominate.",Non-Sensitive
Cloud computing and big data analytics drive business decisions. Phone: +91-8443390572,Sensitive
Financial reports show significant growth.,Non-Sensitive
Financial reports show significant growth. SSN: 372-84-3017,Sensitive
Cloud computing and big data analytics drive business decisions. SSN: 182-20-2180,Sensitive
System integration requires careful planning.,Non-Sensitive
Financial reports show significant growth.,Non-Sensitive
Cloud computing and big data analytics drive business decisions.,Non-Sensitive
The quick brown fox jumps over the lazy dog. Credit Card: 3574-1454-6124-7050,Sensitive
System integration requires careful planning.,Non-Sensitive
Financial reports show significant growth.,Non-Sensitive
"In the realm of classical literature, themes of human resilience dominate. SSN: 885-55-4559",Sensitive
System integration requires careful planning.,Non-Sensitive
"In the realm of classical literature, themes of human resilience dominate. SSN: 779-65-3412",Sensitive
"In the realm of classical literature, themes of human resilience dominate.",Non-Sensitive
Cloud computing and big data analytics drive business decisions. Credit Card: 4716-4300-1901-5733,Sensitive
Cloud computing and big data analytics drive business decisions. SSN: 665-22-8091,Sensitive
System integration requires careful planning. Credit Card: 8960-8183-1700-9082,Sensitive
System integration requires careful planning.,Non-Sensitive
System integration requires careful planning.,Non-Sensitive
The quick brown fox jumps over the lazy dog. Phone: +91-6601185985,Sensitive
Cloud computing and big data analytics drive business decisions.,Non-Sensitive
System integration requires careful planning.,Non-Sensitive
The quick brown fox jumps over the lazy dog.,Non-Sensitive
"In the realm of classical literature, themes of human resilience dominate.",Non-Sensitive
System integration requires careful planning.,Non-Sensitive
The quick brown fox jumps over the lazy dog. SSN: 273-16-8051,Sensitive
Cloud computing and big data analytics drive business decisions. SSN: 923-17-7112,Sensitive
"In the realm of classical literature, themes of human resilience dominate. Credit Card: 2277-2873-3987-9058",Sensitive
"In the realm of classical literature, themes of human resilience dominate.",Non-Sensitive
Financial reports show significant growth.,Non-Sensitive
The quick brown fox jumps over the lazy dog. Phone: +91-9870758668,Sensitive
Financial reports show significant growth. SSN: 819-93-1616,Sensitive
"In the realm of classical literature, themes of human resilience dominate. SSN: 890-67-6446",Sensitive
"In the realm of classical literature, themes of human resilience dominate. SSN: 702-68-2526",Sensitive
System integration requires careful planning.,Non-Sensitive
Cloud computing and big data analytics drive business decisions.,Non-Sensitive
"In the realm of classical literature, themes of human resilience dominate. Credit Card: 5344-9517-6908-4565",Sensitive
Financial reports show significant growth. Phone: +91-6749164510,Sensitive
System integration requires careful planning.,Non-Sensitive
The quick brown fox jumps over the lazy dog.,Non-Sensitive
The quick brown fox jumps over the lazy dog. Credit Card: 9470-4870-7182-4910,Sensitive
The quick brown fox jumps over the lazy dog.,Non-Sensitive
Financial reports show significant growth.,Non-Sensitive
System integration requires careful planning. Phone: +91-6156363843,Sensitive
"In the realm of classical literature, themes of human resilience dominate. Credit Card: 7739-2381-9835-3513",Sensitive
"In the realm of classical literature, themes of human resilience dominate.",Non-Sensitive
Cloud computing and big data analytics drive business decisions. SSN: 355-64-3953,Sensitive
Cloud computing and big data analytics drive business decisions.,Non-Sensitive
"In the realm of classical literature, themes of human resilience dominate. Phone: +91-8967072178",Sensitive
System integration requires careful planning. Credit Card: 2072-7762-8267-2256,Sensitive
The quick brown fox jumps over the lazy dog. Phone: +91-7269926775,Sensitive
Financial reports show significant growth.,Non-Sensitive
Cloud computing and big data analytics drive business decisions.,Non-Sensitive
System integration requires careful planning. Phone: +91-6494174071,Sensitive
The quick brown fox jumps over the lazy dog. Credit Card: 6893-5263-7503-3428,Sensitive
Cloud computing and big data analytics drive business decisions.,Non-Sensitive
System integration requires careful planning.,Non-Sensitive
The quick brown fox jumps over the lazy dog. Credit Card: 1919-7152-1633-1031,Sensitive
The quick brown fox jumps over the lazy dog. Credit Card: 9394-8468-3093-7674,Sensitive
Cloud computing and big data analytics drive business decisions.,Non-Sensitive
System integration requires careful planning. SSN: 926-85-3086,Sensitive
Financial reports show significant growth. Credit Card: 9037-1082-2921-3765,Sensitive
"In the realm of classical literature, themes of human resilience dominate. Phone: +91-9341387643",Sensitive
Cloud computing and big data analytics drive business decisions.,Non-Sensitive
The quick brown fox jumps over the lazy dog.,Non-Sensitive
Financial reports show significant growth.,Non-Sensitive
Financial reports show significant growth. Phone: +91-7642516066,Sensitive
"In the realm of classical literature, themes of human resilience dominate.",Non-Sensitive
"In the realm of classical literature, themes of human resilience dominate. Credit Card: 2616-6461-7954-2079",Sensitive
Financial reports show significant growth. Credit Card: 4062-5606-3799-8288,Sensitive
"In the realm of classical literature, themes of human resilience dominate. SSN: 627-79-2241",Sensitive
"In the realm of classical literature, themes of human resilience dominate.",Non-Sensitive
The quick brown fox jumps over the lazy dog. Phone: +91-6337750541,Sensitive
Cloud computing and big data analytics drive business decisions.,Non-Sensitive
Cloud computing and big data analytics drive business decisions.,Non-Sensitive
System integration requires careful planning. Credit Card: 5921-8932-3331-6987,Sensitive
Cloud computing and big data analytics drive business decisions.,Non-Sensitive
"In the realm of classical literature, themes of human resilience dominate.",Non-Sensitive
Cloud computing and big data analytics drive business decisions.,Non-Sensitive
System integration requires careful planning.,Non-Sensitive
Cloud computing and big data analytics drive business decisions. Credit Card: 8092-3113-2788-3370,Sensitive
Cloud computing and big data analytics drive business decisions.,Non-Sensitive
"In the realm of classical literature, themes of human resilience dominate.",Non-Sensitive
"In the realm of classical literature, themes of human resilience dominate. SSN: 828-61-3256",Sensitive
Financial reports show significant growth. Credit Card: 8614-1829-1484-7457,Sensitive
Cloud computing and big data analytics drive business decisions. SSN: 771-22-5245,Sensitive
The quick brown fox jumps over the lazy dog.,Non-Sensitive
System integration requires careful planning. Phone: +91-8719764578,Sensitive
The quick brown fox jumps over the lazy dog. Credit Card: 9006-2041-8284-6850,Sensitive
Cloud computing and big data analytics drive business decisions.,Non-Sensitive
The quick brown fox jumps over the lazy dog. SSN: 163-24-4353,Sensitive
Financial reports show significant growth.,Non-Sensitive
